-- MySQL dump converted from SQLite
-- Character set: utf8mb4
SET NAMES utf8mb4;
SET CHARACTER SET utf8mb4;

CREATE TABLE IF NOT EXISTS `migrations` (`id` INT NOT NULL PRIMARY KEY AUTO_INCREMENT, `migration` VARCHAR(255) not null, `batch` integer not null);
INSERT INTO `migrations` VALUES(1,'2014_10_12_000000_create_users_table',1);
INSERT INTO `migrations` VALUES(2,'2014_10_12_100000_create_password_resets_table',1);
INSERT INTO `migrations` VALUES(3,'2019_08_19_000000_create_failed_jobs_table',1);
INSERT INTO `migrations` VALUES(4,'2019_12_14_000001_create_personal_access_tokens_table',1);
INSERT INTO `migrations` VALUES(5,'2025_12_15_203650_create_shows_table',1);
INSERT INTO `migrations` VALUES(6,'2025_12_15_203713_create_episodes_table',1);
INSERT INTO `migrations` VALUES(7,'2025_12_15_203732_create_user_show_follows_table',1);
INSERT INTO `migrations` VALUES(8,'2025_12_15_203734_create_episode_user_likes_table',1);
INSERT INTO `migrations` VALUES(9,'2025_12_15_203736_add_role_to_users_table',1);
INSERT INTO `migrations` VALUES(10,'2025_12_15_204500_add_youtube_video_id_to_episodes_table',1);
INSERT INTO `migrations` VALUES(11,'2025_12_16_004802_create_categories_table',1);
INSERT INTO `migrations` VALUES(12,'2025_12_16_004825_create_watch_history_table',1);
INSERT INTO `migrations` VALUES(13,'2025_12_16_004857_create_comments_table',1);
INSERT INTO `migrations` VALUES(14,'2025_12_16_004920_create_ratings_table',1);
INSERT INTO `migrations` VALUES(15,'2025_12_16_005729_add_profile_fields_to_users_table',1);
INSERT INTO `migrations` VALUES(16,'2025_12_16_012429_add_video_url_to_shows_table',1);
INSERT INTO `migrations` VALUES(18,'2025_12_16_120000_add_playlist_and_media_fields',2);
CREATE TABLE IF NOT EXISTS `users` (`id` INT NOT NULL PRIMARY KEY AUTO_INCREMENT, `name` VARCHAR(255) not null, `email` VARCHAR(255) not null, `email_verified_at` DATEtime, `password` VARCHAR(255) not null, `remember_token` VARCHAR(255), `created_at` DATEtime, `updated_at` DATEtime, `role` VARCHAR(255) not null default 'user', `image` VARCHAR(255), `phone` VARCHAR(255), `date_of_birth` DATE, `bio` LONGTEXT, `gender` VARCHAR(255), `country` VARCHAR(255), `city` VARCHAR(255), `profile_image` LONGTEXT, `cover_image` LONGTEXT, `website` VARCHAR(255), `facebook` VARCHAR(255), `twitter` VARCHAR(255), `instagram` VARCHAR(255), `is_public` BOOLEAN not null default '1', `last_login_at` DATEtime, `preferences` LONGTEXT);
INSERT INTO `users` VALUES(3,'Eyad Harb','eyadharb24@gmail.com',NULL,'$2y$10$89U3tZktRCuR51NsUeHgceOM9/Khj61gE8rh7Gn1pRmVKvFS3JtQG',NULL,'2025-12-16 06:11:19','2025-12-16 06:11:19','admin',NULL,NULL,NULL,NULL,NULL,NULL,NULL,'profile-images/1vWRDo3gmpTBvjxrY2p6QgtFkkZAvcMWeM5XTEzW.jpg',NULL,NULL,NULL,NULL,NULL,1,NULL,NULL);
INSERT INTO `users` VALUES(4,'Eyad Harb','eyadharb2@gmail.com',NULL,'$2y$10$43AQt9GOfkCcienO.V5/0OJFr3O5CokgywKwKjs1QuQ8HGVmJMV8W',NULL,'2025-12-16 08:20:28','2025-12-16 08:21:31','admin',NULL,NULL,NULL,NULL,'male',NULL,NULL,'profile-images/zCFj4y6BSF3xzbGjBLhT8G58ka9wvYNuFCQ34cdR.jpg',NULL,NULL,NULL,NULL,NULL,1,NULL,NULL);
INSERT INTO `users` VALUES(5,'Eyad Harb','eyadhar@gmail.com',NULL,'$2y$10$xQmkM.o/pDXyuUr1pdnyruukTbVCK4WlxD0aAqjJ8C7AB2P0uGDIS',NULL,'2025-12-16 15:01:30','2025-12-16 15:02:04','admin',NULL,NULL,NULL,NULL,'male','Jordan','Irbid','profile-images/hMiLra4upWjtglw0JVuOqJhIRzYDvPbMKCAX8TXp.jpg',NULL,NULL,NULL,NULL,NULL,1,NULL,NULL);
INSERT INTO `users` VALUES(6,'Admin','admin@example.com',NULL,'$2y$10$buwnF6temsRKtn2GUimsBenq7RlVk/r.LA0JRe8l6YM.ahSU4ezqy',NULL,'2025-12-16 15:26:17','2025-12-16 15:26:17','admin',NULL,NULL,NULL,NULL,NULL,NULL,NULL,NULL,NULL,NULL,NULL,NULL,NULL,1,NULL,NULL);
INSERT INTO `users` VALUES(21,'Admin User','admin@showtv.com',NULL,'$2y$10$kUW0dyrjSbIHVOPx1IeSsOA3NX5ns3hJzRCOdtK80DcntF2Ah5awq',NULL,'2025-12-16 18:39:29','2025-12-16 18:39:29','admin',NULL,NULL,NULL,NULL,NULL,NULL,NULL,NULL,NULL,NULL,NULL,NULL,NULL,1,NULL,NULL);
INSERT INTO `users` VALUES(22,'Test User','user@showtv.com',NULL,'$2y$10$2WRa6ZpJIwLSH/PZJf4X1uKMFcejR38Xz1Ac4O68YyWZG2DUDGRs6',NULL,'2025-12-16 18:39:29','2025-12-16 18:39:29','user',NULL,NULL,NULL,NULL,NULL,NULL,NULL,NULL,NULL,NULL,NULL,NULL,NULL,1,NULL,NULL);
CREATE TABLE IF NOT EXISTS `password_resets` (`email` VARCHAR(255) not null, `token` VARCHAR(255) not null, `created_at` DATEtime);
CREATE TABLE IF NOT EXISTS `failed_jobs` (`id` INT NOT NULL PRIMARY KEY AUTO_INCREMENT, `uuid` VARCHAR(255) not null, `connection` LONGTEXT not null, `queue` LONGTEXT not null, `payload` LONGTEXT not null, `exception` LONGTEXT not null, `failed_at` DATEtime default CURRENT_TIMESTAMP not null);
CREATE TABLE IF NOT EXISTS `personal_access_tokens` (`id` INT NOT NULL PRIMARY KEY AUTO_INCREMENT, `tokenable_type` VARCHAR(255) not null, `tokenable_id` integer not null, `name` VARCHAR(255) not null, `token` VARCHAR(255) not null, `abilities` LONGTEXT, `last_used_at` DATEtime, `created_at` DATEtime, `updated_at` DATEtime);
CREATE TABLE IF NOT EXISTS `shows` (`id` INT NOT NULL PRIMARY KEY AUTO_INCREMENT, `title` VARCHAR(255) not null, `description` LONGTEXT not null, `airing_time` VARCHAR(255) not null, `thumbnail` LONGTEXT, `wallpaper` LONGTEXT, `created_at` DATEtime, `updated_at` DATEtime, `video_url` VARCHAR(255), `poster` VARCHAR(255));
INSERT INTO `shows` VALUES(5,'Friends','ستة أصدقاء يواجهون تحديات الحياة والحب في نيويورك.','Mondays @ 8:00 PM','https://images.unsplash.com/photo-1507003211169-0a1dd7228f2d?w=500','https://images.unsplash.com/photo-1507003211169-0a1dd7228f2d?w=1920','2025-12-16 06:01:24','2025-12-16 15:41:51',NULL,NULL);
INSERT INTO `shows` VALUES(6,'Breaking Bad','معلم كيمياء مصاب بسرطان يدخل عالم تصنيع المخدرات.','Sundays @ 10:00 PM','https://images.unsplash.com/photo-1509347528160-9f6b01f42f5d?w=500&h=750&fit=crop','https://images.unsplash.com/photo-1509347528160-9f6b01f42f5d?w=1920&h=1080&fit=crop','2025-12-16 06:01:24','2025-12-16 15:41:50','https://www.youtube.com/embed/HhesaQXLuRY',NULL);
INSERT INTO `shows` VALUES(7,'Game of Thrones','صراع عائلات نبيلة للسيطرة على عرش الممالك السبع.','Sundays @ 9:00 PM','https://images.unsplash.com/photo-1578662996442-48f60103fc96?w=500&h=750&fit=crop','https://images.unsplash.com/photo-1578662996442-48f60103fc96?w=1920&h=1080&fit=crop','2025-12-16 06:01:25','2025-12-16 15:41:50','https://www.youtube.com/embed/BpJYNVhGf1Y',NULL);
INSERT INTO `shows` VALUES(8,'Stranger Things','أسرار خارقة ومخلوقات غريبة تهدد بلدة صغيرة.','Fridays @ 8:00 PM','https://images.unsplash.com/photo-1489599672988-4b4c9b4b4c8b?w=500','https://images.unsplash.com/photo-1489599672988-4b4c9b4b4c8b?w=1920','2025-12-16 06:01:25','2025-12-16 15:41:51',NULL,NULL);
INSERT INTO `shows` VALUES(9,'The Mandalorian','مغامرات صياد مكافآت في أطراف المجرة البعيدة.','Fridays @ 11:00 PM','https://images.unsplash.com/photo-1489599672988-4b4c9b4b4c8b?w=500','https://images.unsplash.com/photo-1489599672988-4b4c9b4b4c8b?w=1920','2025-12-16 06:01:25','2025-12-16 15:41:51',NULL,NULL);
INSERT INTO `shows` VALUES(10,'The Crown','سيرة الملكة إليزابيث الثانية وحياتها السياسية.','Sundays @ 8:00 PM','https://images.unsplash.com/photo-1489599672988-4b4c9b4b4c8b?w=500','https://images.unsplash.com/photo-1489599672988-4b4c9b4b4c8b?w=1920','2025-12-16 06:01:25','2025-12-16 15:41:51',NULL,NULL);
INSERT INTO `shows` VALUES(11,'Black Mirror','قصص مستقبلية مظلمة تكشف مخاطر التكنولوجيا.','Various','https://images.unsplash.com/photo-1489599672988-4b4c9b4b4c8b?w=500','https://images.unsplash.com/photo-1489599672988-4b4c9b4b4c8b?w=1920','2025-12-16 06:01:25','2025-12-16 15:41:51',NULL,NULL);
INSERT INTO `shows` VALUES(12,'The Witcher','صياد وحوش يبحث عن مكانه في عالم مليء بالأساطير.','Fridays @ 10:00 PM','https://images.unsplash.com/photo-1509347528160-9f6b01f42f5d?w=500','https://images.unsplash.com/photo-1509347528160-9f6b01f42f5d?w=1920','2025-12-16 06:01:25','2025-12-16 15:41:51',NULL,NULL);
INSERT INTO `shows` VALUES(13,'Money Heist','عصابة لصوص تخطط لأكبر سرقة في التاريخ.','Various','https://images.unsplash.com/photo-1489599672988-4b4c9b4b4c8b?w=500','https://images.unsplash.com/photo-1489599672988-4b4c9b4b4c8b?w=1920','2025-12-16 06:01:25','2025-12-16 15:41:51',NULL,NULL);
INSERT INTO `shows` VALUES(14,'Narcos','قصة تاجر مخدرات كولومبي وصراعه مع السلطات.','Fridays @ 10:00 PM','https://images.unsplash.com/photo-1489599672988-4b4c9b4b4c8b?w=500','https://images.unsplash.com/photo-1489599672988-4b4c9b4b4c8b?w=1920','2025-12-16 06:01:25','2025-12-16 15:41:51',NULL,NULL);
INSERT INTO `shows` VALUES(15,'The Boys','مجموعة من المنتقمين تواجه السلطات الخارقة الفاسدة.','Fridays @ 9:00 PM','https://images.unsplash.com/photo-1489599672988-4b4c9b4b4c8b?w=500','https://images.unsplash.com/photo-1489599672988-4b4c9b4b4c8b?w=1920','2025-12-16 06:01:25','2025-12-16 15:41:51',NULL,NULL);
INSERT INTO `shows` VALUES(16,'Westworld','حديقة ترفيهية مليئة بالروبوتات في عالم ما بعد الحداثة.','Sundays @ 9:00 PM','https://images.unsplash.com/photo-1489599672988-4b4c9b4b4c8b?w=500','https://images.unsplash.com/photo-1489599672988-4b4c9b4b4c8b?w=1920','2025-12-16 06:01:25','2025-12-16 15:41:51',NULL,NULL);
INSERT INTO `shows` VALUES(17,'Chernobyl','حادثة كارثية في محطة تشيرنوبيل النووية.','Sundays @ 9:00 PM','https://images.unsplash.com/photo-1489599672988-4b4c9b4b4c8b?w=500','https://images.unsplash.com/photo-1489599672988-4b4c9b4b4c8b?w=1920','2025-12-16 06:01:25','2025-12-16 15:41:51',NULL,NULL);
INSERT INTO `shows` VALUES(18,'Dark','أسرار زمنية تربط أربع عائلات في بلدة ألمانية.','Various','https://images.unsplash.com/photo-1489599672988-4b4c9b4b4c8b?w=500','https://images.unsplash.com/photo-1489599672988-4b4c9b4b4c8b?w=1920','2025-12-16 06:01:25','2025-12-16 15:41:51',NULL,NULL);
INSERT INTO `shows` VALUES(19,'House of Cards','سياسي طموح يخطط للوصول إلى السلطة بأي ثمن.','Fridays @ 10:00 PM','https://images.unsplash.com/photo-1489599672988-4b4c9b4b4c8b?w=500','https://images.unsplash.com/photo-1489599672988-4b4c9b4b4c8b?w=1920','2025-12-16 06:01:25','2025-12-16 15:41:51',NULL,NULL);
INSERT INTO `shows` VALUES(20,'True Detective','تحقيقات شرطة تكشف أسراراً شخصية مظلمة.','Sundays @ 9:00 PM','https://images.unsplash.com/photo-1489599672988-4b4c9b4b4c8b?w=500','https://images.unsplash.com/photo-1489599672988-4b4c9b4b4c8b?w=1920','2025-12-16 06:01:25','2025-12-16 15:41:51',NULL,NULL);
INSERT INTO `shows` VALUES(21,'The Sopranos','زعيم مافيا يواجه مشاكل نفسية وعائلية.','Sundays @ 9:00 PM','https://images.unsplash.com/photo-1489599672988-4b4c9b4b4c8b?w=500','https://images.unsplash.com/photo-1489599672988-4b4c9b4b4c8b?w=1920','2025-12-16 06:01:25','2025-12-16 15:41:51',NULL,NULL);
INSERT INTO `shows` VALUES(22,'The Wire','شبكة معقدة من الجريمة والقانون في بالتيمور.','Sundays @ 9:00 PM','https://images.unsplash.com/photo-1489599672988-4b4c9b4b4c8b?w=500','https://images.unsplash.com/photo-1489599672988-4b4c9b4b4c8b?w=1920','2025-12-16 06:01:25','2025-12-16 15:41:51',NULL,NULL);
INSERT INTO `shows` VALUES(23,'Fargo','قصص إجرامية مختلفة مليئة بالدهاء والموت.','Various','https://images.unsplash.com/photo-1489599672988-4b4c9b4b4c8b?w=500','https://images.unsplash.com/photo-1489599672988-4b4c9b4b4c8b?w=1920','2025-12-16 06:01:25','2025-12-16 15:41:51',NULL,NULL);
INSERT INTO `shows` VALUES(24,'Ozark','مخطط مالي ينتقل بعائلته إلى الريف هرباً من الجريمة.','Fridays @ 10:00 PM','https://images.unsplash.com/photo-1489599672988-4b4c9b4b4c8b?w=500','https://images.unsplash.com/photo-1489599672988-4b4c9b4b4c8b?w=1920','2025-12-16 06:01:25','2025-12-16 15:41:51',NULL,NULL);
INSERT INTO `shows` VALUES(25,'Peaky Blinders','عصابة إجرامية بريطانية تشتهر بإخفاء شفرات في أجفانهم.','Sundays @ 9:00 PM','https://images.unsplash.com/photo-1489599672988-4b4c9b4b4c8b?w=500','https://images.unsplash.com/photo-1489599672988-4b4c9b4b4c8b?w=1920','2025-12-16 06:01:25','2025-12-16 15:41:51',NULL,NULL);
INSERT INTO `shows` VALUES(26,'Vikings','مغامرات الفايكينج في عصور الغزوات التاريخية.','Thursdays @ 9:00 PM','https://images.unsplash.com/photo-1509347528160-9f6b01f42f5d?w=500','https://images.unsplash.com/photo-1509347528160-9f6b01f42f5d?w=1920','2025-12-16 06:01:25','2025-12-16 15:41:51',NULL,NULL);
INSERT INTO `shows` VALUES(27,'Sons of Anarchy','عصابة دراجات نارية تواجه صراعات داخلية وخارجية.','Tuesdays @ 10:00 PM','https://images.unsplash.com/photo-1489599672988-4b4c9b4b4c8b?w=500','https://images.unsplash.com/photo-1489599672988-4b4c9b4b4c8b?w=1920','2025-12-16 06:01:25','2025-12-16 15:41:51',NULL,NULL);
INSERT INTO `shows` VALUES(28,'The Walking Dead','ناجون من نهاية العالم يقاتلون الزومبي.','Sundays @ 9:00 PM','https://images.unsplash.com/photo-1489599672988-4b4c9b4b4c8b?w=500','https://images.unsplash.com/photo-1489599672988-4b4c9b4b4c8b?w=1920','2025-12-16 06:01:25','2025-12-16 15:41:51',NULL,NULL);
INSERT INTO `shows` VALUES(29,'Prison Break','مهندس يخطط هروب أخيه من السجن.','Various','https://images.unsplash.com/photo-1489599672988-4b4c9b4b4c8b?w=500','https://images.unsplash.com/photo-1489599672988-4b4c9b4b4c8b?w=1920','2025-12-16 06:01:25','2025-12-16 15:41:51',NULL,NULL);
INSERT INTO `shows` VALUES(30,'24','عميل سري يسابق الزمن لإيقاف هجمات إرهابية.','Various','https://images.unsplash.com/photo-1489599672988-4b4c9b4b4c8b?w=500','https://images.unsplash.com/photo-1489599672988-4b4c9b4b4c8b?w=1920','2025-12-16 06:01:25','2025-12-16 15:41:51',NULL,NULL);
INSERT INTO `shows` VALUES(31,'Lost','ناجون من تحطم طائرة في جزيرة مليئة بالأسرار.','Various','https://images.unsplash.com/photo-1489599672988-4b4c9b4b4c8b?w=500','https://images.unsplash.com/photo-1489599672988-4b4c9b4b4c8b?w=1920','2025-12-16 06:01:25','2025-12-16 15:41:51',NULL,NULL);
INSERT INTO `shows` VALUES(32,'Dexter','قاتل متسلسل يعمل محققاً في الشرطة.','Sundays @ 9:00 PM','https://images.unsplash.com/photo-1489599672988-4b4c9b4b4c8b?w=500','https://images.unsplash.com/photo-1489599672988-4b4c9b4b4c8b?w=1920','2025-12-16 06:01:25','2025-12-16 15:41:51',NULL,NULL);
INSERT INTO `shows` VALUES(37,'Friends','مسلسل Friends — مسلسل تلفزيوني. شاهد الحلقات والمقاطع.','Mondays @ 8:00 PM','https://images.unsplash.com/photo-1507003211169-0a1dd7228f2d?w=500','https://images.unsplash.com/photo-1507003211169-0a1dd7228f2d?w=1920','2025-12-16 14:23:59','2025-12-16 14:47:31',NULL,NULL);
INSERT INTO `shows` VALUES(38,'Breaking Bad','مسلسل Breaking Bad — مسلسل تلفزيوني. شاهد الحلقات والمقاطع.','Sundays @ 10:00 PM','https://images.unsplash.com/photo-1509347528160-9f6b01f42f5d?w=500','https://images.unsplash.com/photo-1509347528160-9f6b01f42f5d?w=1920','2025-12-16 14:24:00','2025-12-16 14:47:31',NULL,NULL);
INSERT INTO `shows` VALUES(39,'Game of Thrones','مسلسل Game of Thrones — مسلسل تلفزيوني. شاهد الحلقات والمقاطع.','Sundays @ 9:00 PM','https://images.unsplash.com/photo-1509347528160-9f6b01f42f5d?w=500','https://images.unsplash.com/photo-1509347528160-9f6b01f42f5d?w=1920','2025-12-16 14:24:02','2025-12-16 14:47:31',NULL,NULL);
INSERT INTO `shows` VALUES(40,'Stranger Things','مسلسل Stranger Things — مسلسل تلفزيوني. شاهد الحلقات والمقاطع.','Fridays @ 8:00 PM','https://images.unsplash.com/photo-1489599672988-4b4c9b4b4c8b?w=500','https://images.unsplash.com/photo-1489599672988-4b4c9b4b4c8b?w=1920','2025-12-16 14:24:04','2025-12-16 14:47:31',NULL,NULL);
INSERT INTO `shows` VALUES(41,'The Mandalorian','مسلسل The Mandalorian — مسلسل تلفزيوني. شاهد الحلقات والمقاطع.','Fridays @ 11:00 PM','https://images.unsplash.com/photo-1489599672988-4b4c9b4b4c8b?w=500','https://images.unsplash.com/photo-1489599672988-4b4c9b4b4c8b?w=1920','2025-12-16 14:24:06','2025-12-16 14:47:31',NULL,NULL);
INSERT INTO `shows` VALUES(42,'The Crown','مسلسل The Crown — مسلسل تلفزيوني. شاهد الحلقات والمقاطع.','Sundays @ 8:00 PM','https://images.unsplash.com/photo-1489599672988-4b4c9b4b4c8b?w=500','https://images.unsplash.com/photo-1489599672988-4b4c9b4b4c8b?w=1920','2025-12-16 14:24:08','2025-12-16 14:47:31',NULL,NULL);
INSERT INTO `shows` VALUES(43,'Black Mirror','مسلسل Black Mirror — مسلسل تلفزيوني. شاهد الحلقات والمقاطع.','Various','https://images.unsplash.com/photo-1489599672988-4b4c9b4b4c8b?w=500','https://images.unsplash.com/photo-1489599672988-4b4c9b4b4c8b?w=1920','2025-12-16 14:24:10','2025-12-16 14:47:31',NULL,NULL);
INSERT INTO `shows` VALUES(44,'The Witcher','مسلسل The Witcher — مسلسل تلفزيوني. شاهد الحلقات والمقاطع.','Fridays @ 10:00 PM','https://images.unsplash.com/photo-1509347528160-9f6b01f42f5d?w=500','https://images.unsplash.com/photo-1509347528160-9f6b01f42f5d?w=1920','2025-12-16 14:24:12','2025-12-16 14:47:31',NULL,NULL);
INSERT INTO `shows` VALUES(45,'Money Heist','مسلسل Money Heist — مسلسل تلفزيوني. شاهد الحلقات والمقاطع.','Various','https://images.unsplash.com/photo-1489599672988-4b4c9b4b4c8b?w=500','https://images.unsplash.com/photo-1489599672988-4b4c9b4b4c8b?w=1920','2025-12-16 14:24:13','2025-12-16 14:47:31',NULL,NULL);
INSERT INTO `shows` VALUES(46,'Narcos','مسلسل Narcos — مسلسل تلفزيوني. شاهد الحلقات والمقاطع.','Fridays @ 10:00 PM','https://images.unsplash.com/photo-1489599672988-4b4c9b4b4c8b?w=500','https://images.unsplash.com/photo-1489599672988-4b4c9b4b4c8b?w=1920','2025-12-16 14:24:15','2025-12-16 14:47:31',NULL,NULL);
INSERT INTO `shows` VALUES(47,'The Boys','مسلسل The Boys — مسلسل تلفزيوني. شاهد الحلقات والمقاطع.','Fridays @ 9:00 PM','https://images.unsplash.com/photo-1489599672988-4b4c9b4b4c8b?w=500','https://images.unsplash.com/photo-1489599672988-4b4c9b4b4c8b?w=1920','2025-12-16 14:24:17','2025-12-16 14:47:31',NULL,NULL);
INSERT INTO `shows` VALUES(48,'Westworld','مسلسل Westworld — مسلسل تلفزيوني. شاهد الحلقات والمقاطع.','Sundays @ 9:00 PM','https://images.unsplash.com/photo-1489599672988-4b4c9b4b4c8b?w=500','https://images.unsplash.com/photo-1489599672988-4b4c9b4b4c8b?w=1920','2025-12-16 14:24:20','2025-12-16 14:47:31',NULL,NULL);
INSERT INTO `shows` VALUES(49,'Chernobyl','مسلسل Chernobyl — مسلسل تلفزيوني. شاهد الحلقات والمقاطع.','Sundays @ 9:00 PM','https://images.unsplash.com/photo-1489599672988-4b4c9b4b4c8b?w=500','https://images.unsplash.com/photo-1489599672988-4b4c9b4b4c8b?w=1920','2025-12-16 14:24:23','2025-12-16 14:47:31',NULL,NULL);
INSERT INTO `shows` VALUES(50,'Dark','مسلسل Dark — مسلسل تلفزيوني. شاهد الحلقات والمقاطع.','Various','https://images.unsplash.com/photo-1489599672988-4b4c9b4b4c8b?w=500','https://images.unsplash.com/photo-1489599672988-4b4c9b4b4c8b?w=1920','2025-12-16 14:24:25','2025-12-16 14:47:31',NULL,NULL);
INSERT INTO `shows` VALUES(51,'House of Cards','مسلسل House of Cards — مسلسل تلفزيوني. شاهد الحلقات والمقاطع.','Fridays @ 10:00 PM','https://images.unsplash.com/photo-1489599672988-4b4c9b4b4c8b?w=500','https://images.unsplash.com/photo-1489599672988-4b4c9b4b4c8b?w=1920','2025-12-16 14:24:27','2025-12-16 14:47:31',NULL,NULL);
INSERT INTO `shows` VALUES(52,'True Detective','مسلسل True Detective — مسلسل تلفزيوني. شاهد الحلقات والمقاطع.','Sundays @ 9:00 PM','https://images.unsplash.com/photo-1489599672988-4b4c9b4b4c8b?w=500','https://images.unsplash.com/photo-1489599672988-4b4c9b4b4c8b?w=1920','2025-12-16 14:24:29','2025-12-16 14:47:31',NULL,NULL);
INSERT INTO `shows` VALUES(53,'The Sopranos','مسلسل The Sopranos — مسلسل تلفزيوني. شاهد الحلقات والمقاطع.','Sundays @ 9:00 PM','https://images.unsplash.com/photo-1489599672988-4b4c9b4b4c8b?w=500','https://images.unsplash.com/photo-1489599672988-4b4c9b4b4c8b?w=1920','2025-12-16 14:24:31','2025-12-16 14:47:31',NULL,NULL);
INSERT INTO `shows` VALUES(54,'The Wire','مسلسل The Wire — مسلسل تلفزيوني. شاهد الحلقات والمقاطع.','Sundays @ 9:00 PM','https://images.unsplash.com/photo-1489599672988-4b4c9b4b4c8b?w=500','https://images.unsplash.com/photo-1489599672988-4b4c9b4b4c8b?w=1920','2025-12-16 14:24:33','2025-12-16 14:47:31',NULL,NULL);
INSERT INTO `shows` VALUES(55,'Fargo','مسلسل Fargo — مسلسل تلفزيوني. شاهد الحلقات والمقاطع.','Various','https://images.unsplash.com/photo-1489599672988-4b4c9b4b4c8b?w=500','https://images.unsplash.com/photo-1489599672988-4b4c9b4b4c8b?w=1920','2025-12-16 14:24:35','2025-12-16 14:47:32',NULL,NULL);
INSERT INTO `shows` VALUES(56,'Ozark','مسلسل Ozark — مسلسل تلفزيوني. شاهد الحلقات والمقاطع.','Fridays @ 10:00 PM','https://images.unsplash.com/photo-1489599672988-4b4c9b4b4c8b?w=500','https://images.unsplash.com/photo-1489599672988-4b4c9b4b4c8b?w=1920','2025-12-16 14:24:36','2025-12-16 14:47:32',NULL,NULL);
INSERT INTO `shows` VALUES(57,'Peaky Blinders','مسلسل Peaky Blinders — مسلسل تلفزيوني. شاهد الحلقات والمقاطع.','Sundays @ 9:00 PM','https://images.unsplash.com/photo-1489599672988-4b4c9b4b4c8b?w=500','https://images.unsplash.com/photo-1489599672988-4b4c9b4b4c8b?w=1920','2025-12-16 14:24:38','2025-12-16 14:47:32',NULL,NULL);
INSERT INTO `shows` VALUES(58,'Vikings','مسلسل Vikings — مسلسل تلفزيوني. شاهد الحلقات والمقاطع.','Thursdays @ 9:00 PM','https://images.unsplash.com/photo-1509347528160-9f6b01f42f5d?w=500','https://images.unsplash.com/photo-1509347528160-9f6b01f42f5d?w=1920','2025-12-16 14:24:40','2025-12-16 14:47:32',NULL,NULL);
INSERT INTO `shows` VALUES(59,'Sons of Anarchy','مسلسل Sons of Anarchy — مسلسل تلفزيوني. شاهد الحلقات والمقاطع.','Tuesdays @ 10:00 PM','https://images.unsplash.com/photo-1489599672988-4b4c9b4b4c8b?w=500','https://images.unsplash.com/photo-1489599672988-4b4c9b4b4c8b?w=1920','2025-12-16 14:24:42','2025-12-16 14:47:32',NULL,NULL);
INSERT INTO `shows` VALUES(60,'The Walking Dead','مسلسل The Walking Dead — مسلسل تلفزيوني. شاهد الحلقات والمقاطع.','Sundays @ 9:00 PM','https://images.unsplash.com/photo-1489599672988-4b4c9b4b4c8b?w=500','https://images.unsplash.com/photo-1489599672988-4b4c9b4b4c8b?w=1920','2025-12-16 14:24:44','2025-12-16 14:47:32',NULL,NULL);
INSERT INTO `shows` VALUES(61,'Prison Break','مسلسل Prison Break — مسلسل تلفزيوني. شاهد الحلقات والمقاطع.','Various','https://images.unsplash.com/photo-1489599672988-4b4c9b4b4c8b?w=500','https://images.unsplash.com/photo-1489599672988-4b4c9b4b4c8b?w=1920','2025-12-16 14:24:45','2025-12-16 14:47:32',NULL,NULL);
INSERT INTO `shows` VALUES(62,'24','مسلسل 24 — مسلسل تلفزيوني. شاهد الحلقات والمقاطع.','Various','https://images.unsplash.com/photo-1489599672988-4b4c9b4b4c8b?w=500','https://images.unsplash.com/photo-1489599672988-4b4c9b4b4c8b?w=1920','2025-12-16 14:24:47','2025-12-16 14:47:32',NULL,NULL);
INSERT INTO `shows` VALUES(63,'Lost','مسلسل Lost — مسلسل تلفزيوني. شاهد الحلقات والمقاطع.','Various','https://images.unsplash.com/photo-1489599672988-4b4c9b4b4c8b?w=500','https://images.unsplash.com/photo-1489599672988-4b4c9b4b4c8b?w=1920','2025-12-16 14:24:49','2025-12-16 14:47:32',NULL,NULL);
INSERT INTO `shows` VALUES(64,'Dexter','مسلسل Dexter — مسلسل تلفزيوني. شاهد الحلقات والمقاطع.','Sundays @ 9:00 PM','https://images.unsplash.com/photo-1489599672988-4b4c9b4b4c8b?w=500','https://images.unsplash.com/photo-1489599672988-4b4c9b4b4c8b?w=1920','2025-12-16 14:24:51','2025-12-16 14:47:32',NULL,NULL);
INSERT INTO `shows` VALUES(65,'مسلسل كرفان -','مسلسل من قناة رؤيا','يومياً @ 8:00 مساءً','https://images.unsplash.com/photo-1489599672988-4b4c9b4b4c8b?w=500','https://images.unsplash.com/photo-1489599672988-4b4c9b4b4c8b?w=1920','2025-12-16 14:53:38','2025-12-16 15:41:51',NULL,NULL);
INSERT INTO `shows` VALUES(66,'حكيم باشا -','مسلسل من قناة رؤيا','يومياً @ 8:00 مساءً','https://images.unsplash.com/photo-1489599672988-4b4c9b4b4c8b?w=500','https://images.unsplash.com/photo-1489599672988-4b4c9b4b4c8b?w=1920','2025-12-16 14:53:38','2025-12-16 15:41:51',NULL,NULL);
INSERT INTO `shows` VALUES(67,'حكيم باشا -  اليوم','مسلسل من قناة رؤيا','يومياً @ 8:00 مساءً','https://images.unsplash.com/photo-1489599672988-4b4c9b4b4c8b?w=500','https://images.unsplash.com/photo-1489599672988-4b4c9b4b4c8b?w=1920','2025-12-16 14:53:38','2025-12-16 15:41:51',NULL,NULL);
INSERT INTO `shows` VALUES(68,'تحت سابع أرض -','مسلسل من قناة رؤيا','يومياً @ 8:00 مساءً','https://images.unsplash.com/photo-1489599672988-4b4c9b4b4c8b?w=500','https://images.unsplash.com/photo-1489599672988-4b4c9b4b4c8b?w=1920','2025-12-16 14:53:38','2025-12-16 15:41:51',NULL,NULL);
INSERT INTO `shows` VALUES(69,'الاختيار -','مسلسل من قناة رؤيا','يومياً @ 8:00 مساءً','https://images.unsplash.com/photo-1489599672988-4b4c9b4b4c8b?w=500','https://images.unsplash.com/photo-1489599672988-4b4c9b4b4c8b?w=1920','2025-12-16 14:53:38','2025-12-16 15:41:51',NULL,NULL);
INSERT INTO `shows` VALUES(70,'القاهرة -','مسلسل من قناة رؤيا','يومياً @ 8:00 مساءً','https://images.unsplash.com/photo-1489599672988-4b4c9b4b4c8b?w=500','https://images.unsplash.com/photo-1489599672988-4b4c9b4b4c8b?w=1920','2025-12-16 14:53:38','2025-12-16 15:41:51',NULL,NULL);
INSERT INTO `shows` VALUES(71,'باب الحارة','مسلسل سوري تاريخي يروي قصص الحياة في أحياء دمشق القديمة وتقاليدها الأصيلة.','يومياً @ 8:00 مساءً','https://images.unsplash.com/photo-1578662996442-48f60103fc96?w=500&h=750&fit=crop','https://images.unsplash.com/photo-1578662996442-48f60103fc96?w=1920&h=1080&fit=crop','2025-12-16 15:00:02','2025-12-16 15:41:50','https://www.youtube.com/embed/dQw4w9WgXcQ',NULL);
INSERT INTO `shows` VALUES(72,'الغربال','كوميديا أردنية خفيفة تتابع مغامرات الشباب في الحياة اليومية المعاصرة.','يومياً @ 8:00 مساءً','https://images.unsplash.com/photo-1507003211169-0a1dd7228f2d?w=500&h=750&fit=crop','https://images.unsplash.com/photo-1507003211169-0a1dd7228f2d?w=1920&h=1080&fit=crop','2025-12-16 15:00:02','2025-12-16 15:41:50','https://www.youtube.com/embed/kJQP7kiw5Fk',NULL);
INSERT INTO `shows` VALUES(73,'الخبز الحرام','دراما اجتماعية سورية تتناول قضايا الفقر والحب والصراعات الحياتية.','يومياً @ 8:00 مساءً','https://images.unsplash.com/photo-1489599672988-4b4c9b4b4c8b?w=500&h=750&fit=crop','https://images.unsplash.com/photo-1489599672988-4b4c9b4b4c8b?w=1920&h=1080&fit=crop','2025-12-16 15:00:02','2025-12-16 15:41:50','https://www.youtube.com/embed/ZZ5LpwO-An4',NULL);
INSERT INTO `shows` VALUES(74,'Imported Links','Imported show','2025-12-16 15:08:08','https://img.youtube.com/vi/qXTDj3uRM6o/maxresdefault.jpg',NULL,'2025-12-16 15:08:08','2025-12-16 15:08:29',NULL,NULL);
INSERT INTO `shows` VALUES(75,'Friends','Sitcom about six friends living in New York City','Mondays @ 8:00 PM',NULL,NULL,'2025-12-16 15:26:09','2025-12-16 15:26:09',NULL,NULL);
INSERT INTO `shows` VALUES(76,'Breaking Bad','A high school chemistry teacher diagnosed with inoperable lung cancer turns to manufacturing and selling methamphetamine','Sundays @ 10:00 PM',NULL,NULL,'2025-12-16 15:26:10','2025-12-16 15:26:10',NULL,NULL);
INSERT INTO `shows` VALUES(77,'Game of Thrones','Nine noble families fight for control over the lands of Westeros','Sundays @ 9:00 PM',NULL,NULL,'2025-12-16 15:26:10','2025-12-16 15:26:10',NULL,NULL);
INSERT INTO `shows` VALUES(78,'Stranger Things','When a young boy disappears, his mother, a police chief, and his friends must confront terrifying supernatural forces','Fridays @ 8:00 PM',NULL,NULL,'2025-12-16 15:26:10','2025-12-16 15:26:10',NULL,NULL);
INSERT INTO `shows` VALUES(79,'The Mandalorian','The travels of a lone bounty hunter in the outer reaches of the galaxy','Fridays @ 11:00 PM',NULL,NULL,'2025-12-16 15:26:11','2025-12-16 15:26:11',NULL,NULL);
INSERT INTO `shows` VALUES(80,'Friends','Sitcom about six friends living in New York City','Mondays @ 8:00 PM',NULL,NULL,'2025-12-16 18:25:35','2025-12-16 18:25:35',NULL,NULL);
INSERT INTO `shows` VALUES(81,'Breaking Bad','A high school chemistry teacher diagnosed with inoperable lung cancer turns to manufacturing and selling methamphetamine','Sundays @ 10:00 PM',NULL,NULL,'2025-12-16 18:25:35','2025-12-16 18:25:35',NULL,NULL);
INSERT INTO `shows` VALUES(82,'Game of Thrones','Nine noble families fight for control over the lands of Westeros','Sundays @ 9:00 PM',NULL,NULL,'2025-12-16 18:25:35','2025-12-16 18:25:35',NULL,NULL);
INSERT INTO `shows` VALUES(83,'Stranger Things','When a young boy disappears, his mother, a police chief, and his friends must confront terrifying supernatural forces','Fridays @ 8:00 PM',NULL,NULL,'2025-12-16 18:25:35','2025-12-16 18:25:35',NULL,NULL);
INSERT INTO `shows` VALUES(84,'The Mandalorian','The travels of a lone bounty hunter in the outer reaches of the galaxy','Fridays @ 11:00 PM',NULL,NULL,'2025-12-16 18:25:35','2025-12-16 18:25:35',NULL,NULL);
INSERT INTO `shows` VALUES(85,'Friends','Sitcom about six friends living in New York City','Mondays @ 8:00 PM',NULL,NULL,'2025-12-16 18:25:53','2025-12-16 18:25:53',NULL,NULL);
INSERT INTO `shows` VALUES(86,'Breaking Bad','A high school chemistry teacher diagnosed with inoperable lung cancer turns to manufacturing and selling methamphetamine','Sundays @ 10:00 PM',NULL,NULL,'2025-12-16 18:25:53','2025-12-16 18:25:53',NULL,NULL);
INSERT INTO `shows` VALUES(87,'Game of Thrones','Nine noble families fight for control over the lands of Westeros','Sundays @ 9:00 PM',NULL,NULL,'2025-12-16 18:25:53','2025-12-16 18:25:53',NULL,NULL);
INSERT INTO `shows` VALUES(88,'Stranger Things','When a young boy disappears, his mother, a police chief, and his friends must confront terrifying supernatural forces','Fridays @ 8:00 PM',NULL,NULL,'2025-12-16 18:25:53','2025-12-16 18:25:53',NULL,NULL);
INSERT INTO `shows` VALUES(89,'The Mandalorian','The travels of a lone bounty hunter in the outer reaches of the galaxy','Fridays @ 11:00 PM',NULL,NULL,'2025-12-16 18:25:53','2025-12-16 18:25:53',NULL,NULL);
INSERT INTO `shows` VALUES(90,'Friends','Sitcom about six friends living in New York City','Mondays @ 8:00 PM',NULL,NULL,'2025-12-16 18:39:29','2025-12-16 18:39:29',NULL,NULL);
INSERT INTO `shows` VALUES(91,'Breaking Bad','A high school chemistry teacher diagnosed with inoperable lung cancer turns to manufacturing and selling methamphetamine','Sundays @ 10:00 PM',NULL,NULL,'2025-12-16 18:39:29','2025-12-16 18:39:29',NULL,NULL);
INSERT INTO `shows` VALUES(92,'Game of Thrones','Nine noble families fight for control over the lands of Westeros','Sundays @ 9:00 PM',NULL,NULL,'2025-12-16 18:39:29','2025-12-16 18:39:29',NULL,NULL);
INSERT INTO `shows` VALUES(93,'Stranger Things','When a young boy disappears, his mother, a police chief, and his friends must confront terrifying supernatural forces','Fridays @ 8:00 PM',NULL,NULL,'2025-12-16 18:39:29','2025-12-16 18:39:29',NULL,NULL);
INSERT INTO `shows` VALUES(94,'The Mandalorian','The travels of a lone bounty hunter in the outer reaches of the galaxy','Fridays @ 11:00 PM',NULL,NULL,'2025-12-16 18:39:29','2025-12-16 18:39:29',NULL,NULL);
CREATE TABLE IF NOT EXISTS `episodes` (`id` INT NOT NULL PRIMARY KEY AUTO_INCREMENT, `show_id` integer not null, `title` VARCHAR(255) not null, `description` LONGTEXT not null, `duration` integer not null, `airing_time` VARCHAR(255) not null, `thumbnail` LONGTEXT, `video_url` LONGTEXT, `likes` integer not null default '0', `dislikes` integer not null default '0', `created_at` DATEtime, `updated_at` DATEtime, `youtube_video_id` VARCHAR(255), foreign key("show_id") references "shows"("id") on delete cascade);
INSERT INTO `episodes` VALUES(31,7,'البداية الملحمية','انطلاقة قوية مليئة بالإثارة والحركة',50,'2026-01-08 06:01:25','https://images.unsplash.com/photo-1509347528160-9f6b01f42f5d?w=640&h=360&fit=crop','https://www.youtube.com/embed/HhesaQXLuRY',0,0,'2025-12-16 06:01:25','2025-12-16 15:16:17','HhesaQXLuRY');
INSERT INTO `episodes` VALUES(32,7,'المعارك الكبرى','مواجهات شرسة ومعارك مثيرة',56,'2025-12-31 06:01:25','https://images.unsplash.com/photo-1578662996442-48f60103fc96?w=640&h=360&fit=crop','https://www.youtube.com/embed/BpJYNVhGf1Y',0,0,'2025-12-16 06:01:25','2025-12-16 15:16:17','BpJYNVhGf1Y');
INSERT INTO `episodes` VALUES(33,7,'الخطر القادم','تهديدات خطيرة ومطاردات مثيرة',35,'2025-12-31 06:01:25','https://images.unsplash.com/photo-1489599672988-4b4c9b4b4c8b?w=640&h=360&fit=crop','https://www.youtube.com/embed/b9EkMc79ZSU',0,0,'2025-12-16 06:01:25','2025-12-16 15:16:17','b9EkMc79ZSU');
INSERT INTO `episodes` VALUES(34,7,'الانتقام','عمليات انتقام مليئة بالتشويق',38,'2025-12-31 06:01:25','https://images.unsplash.com/photo-1507003211169-0a1dd7228f2d?w=640&h=360&fit=crop','https://www.youtube.com/embed/eW7Twd85m2g',0,0,'2025-12-16 06:01:25','2025-12-16 15:16:17','eW7Twd85m2g');
INSERT INTO `episodes` VALUES(35,7,'الذروة النهائية','مواجهة نهائية ملحمية',45,'2026-01-12 06:01:25','https://images.unsplash.com/photo-1578662996442-48f60103fc96?w=640&h=360&fit=crop','https://www.youtube.com/embed/JWhiat_8t4E',0,0,'2025-12-16 06:01:25','2025-12-16 15:16:17','JWhiat_8t4E');
INSERT INTO `episodes` VALUES(36,8,'اللغز الأول','بداية مليئة بالأسرار والتشويق',56,'2025-12-23 06:01:25','https://images.unsplash.com/photo-1489599672988-4b4c9b4b4c8b?w=640&h=360&fit=crop','https://www.youtube.com/embed/jDiYGjp5iFg',0,0,'2025-12-16 06:01:25','2025-12-16 15:16:17','jDiYGjp5iFg');
INSERT INTO `episodes` VALUES(37,8,'الكشف التدريجي','كشف الأسرار تدريجياً مع التشويق',54,'2025-12-31 06:01:25','https://images.unsplash.com/photo-1509347528160-9f6b01f42f5d?w=640&h=360&fit=crop','https://www.youtube.com/embed/ndl1W4ltcmg',0,0,'2025-12-16 06:01:25','2025-12-16 15:16:17','ndl1W4ltcmg');
INSERT INTO `episodes` VALUES(38,8,'الخطر المحدق','تهديدات خطيرة ومطاردات مثيرة',43,'2025-12-30 06:01:25','https://images.unsplash.com/photo-1578662996442-48f60103fc96?w=640&h=360&fit=crop','https://www.youtube.com/embed/_InqQJRqGW4',0,0,'2025-12-16 06:01:25','2025-12-16 15:16:17','_InqQJRqGW4');
INSERT INTO `episodes` VALUES(39,8,'الصراع النفسي','صراع نفسي عميق مع التشويق',64,'2025-12-19 06:01:25','https://images.unsplash.com/photo-1507003211169-0a1dd7228f2d?w=640&h=360&fit=crop','https://www.youtube.com/embed/xl8zdCY-abw',0,0,'2025-12-16 06:01:25','2025-12-16 15:16:17','xl8zdCY-abw');
INSERT INTO `episodes` VALUES(40,8,'الكشف النهائي','كشف الحقيقة في نهاية مثيرة',38,'2026-01-11 06:01:25','https://images.unsplash.com/photo-1489599672988-4b4c9b4b4c8b?w=640&h=360&fit=crop','https://www.youtube.com/embed/SfF8W6F5z1U',0,0,'2025-12-16 06:01:25','2025-12-16 15:16:17','SfF8W6F5z1U');
INSERT INTO `episodes` VALUES(340,75,'Episode 1','Description for episode 1 of Friends',27,'Monday @ 8:30 PM',NULL,'https://example.com/video1.mp4',0,0,'2025-12-16 15:26:09','2025-12-16 15:26:09',NULL);
INSERT INTO `episodes` VALUES(341,75,'Episode 2','Description for episode 2 of Friends',36,'Monday @ 8:30 PM',NULL,'https://example.com/video2.mp4',0,0,'2025-12-16 15:26:09','2025-12-16 15:26:09',NULL);
INSERT INTO `episodes` VALUES(342,75,'Episode 3','Description for episode 3 of Friends',44,'Monday @ 8:30 PM',NULL,'https://example.com/video3.mp4',0,0,'2025-12-16 15:26:09','2025-12-16 15:26:09',NULL);
INSERT INTO `episodes` VALUES(343,75,'Episode 4','Description for episode 4 of Friends',45,'Monday @ 8:30 PM',NULL,'https://example.com/video4.mp4',0,0,'2025-12-16 15:26:09','2025-12-16 15:26:09',NULL);
INSERT INTO `episodes` VALUES(344,75,'Episode 5','Description for episode 5 of Friends',29,'Monday @ 8:30 PM',NULL,'https://example.com/video5.mp4',0,0,'2025-12-16 15:26:09','2025-12-16 15:26:09',NULL);
INSERT INTO `episodes` VALUES(345,76,'Episode 1','Description for episode 1 of Breaking Bad',42,'Monday @ 8:30 PM',NULL,'https://example.com/video1.mp4',0,0,'2025-12-16 15:26:10','2025-12-16 15:26:10',NULL);
INSERT INTO `episodes` VALUES(346,76,'Episode 2','Description for episode 2 of Breaking Bad',36,'Monday @ 8:30 PM',NULL,'https://example.com/video2.mp4',0,0,'2025-12-16 15:26:10','2025-12-16 15:26:10',NULL);
INSERT INTO `episodes` VALUES(347,76,'Episode 3','Description for episode 3 of Breaking Bad',40,'Monday @ 8:30 PM',NULL,'https://example.com/video3.mp4',0,0,'2025-12-16 15:26:10','2025-12-16 15:26:10',NULL);
INSERT INTO `episodes` VALUES(348,76,'Episode 4','Description for episode 4 of Breaking Bad',43,'Monday @ 8:30 PM',NULL,'https://example.com/video4.mp4',0,0,'2025-12-16 15:26:10','2025-12-16 15:26:10',NULL);
INSERT INTO `episodes` VALUES(349,76,'Episode 5','Description for episode 5 of Breaking Bad',45,'Monday @ 8:30 PM',NULL,'https://example.com/video5.mp4',0,0,'2025-12-16 15:26:10','2025-12-16 15:26:10',NULL);
INSERT INTO `episodes` VALUES(350,77,'Episode 1','Description for episode 1 of Game of Thrones',29,'Monday @ 8:30 PM',NULL,'https://example.com/video1.mp4',0,0,'2025-12-16 15:26:10','2025-12-16 15:26:10',NULL);
INSERT INTO `episodes` VALUES(351,77,'Episode 2','Description for episode 2 of Game of Thrones',39,'Monday @ 8:30 PM',NULL,'https://example.com/video2.mp4',0,0,'2025-12-16 15:26:10','2025-12-16 15:26:10',NULL);
INSERT INTO `episodes` VALUES(352,77,'Episode 3','Description for episode 3 of Game of Thrones',43,'Monday @ 8:30 PM',NULL,'https://example.com/video3.mp4',0,0,'2025-12-16 15:26:10','2025-12-16 15:26:10',NULL);
INSERT INTO `episodes` VALUES(353,77,'Episode 4','Description for episode 4 of Game of Thrones',46,'Monday @ 8:30 PM',NULL,'https://example.com/video4.mp4',0,0,'2025-12-16 15:26:10','2025-12-16 15:26:10',NULL);
INSERT INTO `episodes` VALUES(354,77,'Episode 5','Description for episode 5 of Game of Thrones',40,'Monday @ 8:30 PM',NULL,'https://example.com/video5.mp4',0,0,'2025-12-16 15:26:10','2025-12-16 15:26:10',NULL);
INSERT INTO `episodes` VALUES(355,78,'Episode 1','Description for episode 1 of Stranger Things',38,'Monday @ 8:30 PM',NULL,'https://example.com/video1.mp4',0,0,'2025-12-16 15:26:10','2025-12-16 15:26:10',NULL);
INSERT INTO `episodes` VALUES(356,78,'Episode 2','Description for episode 2 of Stranger Things',45,'Monday @ 8:30 PM',NULL,'https://example.com/video2.mp4',0,0,'2025-12-16 15:26:10','2025-12-16 15:26:10',NULL);
INSERT INTO `episodes` VALUES(357,78,'Episode 3','Description for episode 3 of Stranger Things',48,'Monday @ 8:30 PM',NULL,'https://example.com/video3.mp4',0,0,'2025-12-16 15:26:10','2025-12-16 15:26:10',NULL);
INSERT INTO `episodes` VALUES(358,78,'Episode 4','Description for episode 4 of Stranger Things',36,'Monday @ 8:30 PM',NULL,'https://example.com/video4.mp4',0,0,'2025-12-16 15:26:11','2025-12-16 15:26:11',NULL);
INSERT INTO `episodes` VALUES(359,78,'Episode 5','Description for episode 5 of Stranger Things',33,'Monday @ 8:30 PM',NULL,'https://example.com/video5.mp4',0,0,'2025-12-16 15:26:11','2025-12-16 15:26:11',NULL);
INSERT INTO `episodes` VALUES(360,79,'Episode 1','Description for episode 1 of The Mandalorian',48,'Monday @ 8:30 PM',NULL,'https://example.com/video1.mp4',0,0,'2025-12-16 15:26:11','2025-12-16 15:26:11',NULL);
INSERT INTO `episodes` VALUES(361,79,'Episode 2','Description for episode 2 of The Mandalorian',29,'Monday @ 8:30 PM',NULL,'https://example.com/video2.mp4',0,0,'2025-12-16 15:26:11','2025-12-16 15:26:11',NULL);
INSERT INTO `episodes` VALUES(362,79,'Episode 3','Description for episode 3 of The Mandalorian',38,'Monday @ 8:30 PM',NULL,'https://example.com/video3.mp4',0,0,'2025-12-16 15:26:11','2025-12-16 15:26:11',NULL);
INSERT INTO `episodes` VALUES(363,79,'Episode 4','Description for episode 4 of The Mandalorian',48,'Monday @ 8:30 PM',NULL,'https://example.com/video4.mp4',0,0,'2025-12-16 15:26:11','2025-12-16 15:26:11',NULL);
INSERT INTO `episodes` VALUES(364,79,'Episode 5','Description for episode 5 of The Mandalorian',41,'Monday @ 8:30 PM',NULL,'https://example.com/video5.mp4',0,0,'2025-12-16 15:26:11','2025-12-16 15:26:11',NULL);
INSERT INTO `episodes` VALUES(365,80,'Episode 1','Description for episode 1 of Friends',50,'Monday @ 8:30 PM',NULL,NULL,0,0,'2025-12-16 18:25:35','2025-12-16 18:25:35',NULL);
INSERT INTO `episodes` VALUES(366,80,'Episode 2','Description for episode 2 of Friends',31,'Monday @ 8:30 PM',NULL,NULL,0,0,'2025-12-16 18:25:35','2025-12-16 18:25:35',NULL);
INSERT INTO `episodes` VALUES(367,80,'Episode 3','Description for episode 3 of Friends',32,'Monday @ 8:30 PM',NULL,NULL,0,0,'2025-12-16 18:25:35','2025-12-16 18:25:35',NULL);
INSERT INTO `episodes` VALUES(368,80,'Episode 4','Description for episode 4 of Friends',28,'Monday @ 8:30 PM',NULL,NULL,0,0,'2025-12-16 18:25:35','2025-12-16 18:25:35',NULL);
INSERT INTO `episodes` VALUES(369,80,'Episode 5','Description for episode 5 of Friends',47,'Monday @ 8:30 PM',NULL,NULL,0,0,'2025-12-16 18:25:35','2025-12-16 18:25:35',NULL);
INSERT INTO `episodes` VALUES(370,81,'Episode 1','Description for episode 1 of Breaking Bad',34,'Monday @ 8:30 PM',NULL,NULL,0,0,'2025-12-16 18:25:35','2025-12-16 18:25:35',NULL);
INSERT INTO `episodes` VALUES(371,81,'Episode 2','Description for episode 2 of Breaking Bad',37,'Monday @ 8:30 PM',NULL,NULL,0,0,'2025-12-16 18:25:35','2025-12-16 18:25:35',NULL);
INSERT INTO `episodes` VALUES(372,81,'Episode 3','Description for episode 3 of Breaking Bad',25,'Monday @ 8:30 PM',NULL,NULL,0,0,'2025-12-16 18:25:35','2025-12-16 18:25:35',NULL);
INSERT INTO `episodes` VALUES(373,81,'Episode 4','Description for episode 4 of Breaking Bad',50,'Monday @ 8:30 PM',NULL,NULL,0,0,'2025-12-16 18:25:35','2025-12-16 18:25:35',NULL);
INSERT INTO `episodes` VALUES(374,81,'Episode 5','Description for episode 5 of Breaking Bad',45,'Monday @ 8:30 PM',NULL,NULL,0,0,'2025-12-16 18:25:35','2025-12-16 18:25:35',NULL);
INSERT INTO `episodes` VALUES(375,82,'Episode 1','Description for episode 1 of Game of Thrones',26,'Monday @ 8:30 PM',NULL,NULL,0,0,'2025-12-16 18:25:35','2025-12-16 18:25:35',NULL);
INSERT INTO `episodes` VALUES(376,82,'Episode 2','Description for episode 2 of Game of Thrones',39,'Monday @ 8:30 PM',NULL,NULL,0,0,'2025-12-16 18:25:35','2025-12-16 18:25:35',NULL);
INSERT INTO `episodes` VALUES(377,82,'Episode 3','Description for episode 3 of Game of Thrones',48,'Monday @ 8:30 PM',NULL,NULL,0,0,'2025-12-16 18:25:35','2025-12-16 18:25:35',NULL);
INSERT INTO `episodes` VALUES(378,82,'Episode 4','Description for episode 4 of Game of Thrones',36,'Monday @ 8:30 PM',NULL,NULL,0,0,'2025-12-16 18:25:35','2025-12-16 18:25:35',NULL);
INSERT INTO `episodes` VALUES(379,82,'Episode 5','Description for episode 5 of Game of Thrones',34,'Monday @ 8:30 PM',NULL,NULL,0,0,'2025-12-16 18:25:35','2025-12-16 18:25:35',NULL);
INSERT INTO `episodes` VALUES(380,83,'Episode 1','Description for episode 1 of Stranger Things',49,'Monday @ 8:30 PM',NULL,NULL,0,0,'2025-12-16 18:25:35','2025-12-16 18:25:35',NULL);
INSERT INTO `episodes` VALUES(381,83,'Episode 2','Description for episode 2 of Stranger Things',42,'Monday @ 8:30 PM',NULL,NULL,0,0,'2025-12-16 18:25:35','2025-12-16 18:25:35',NULL);
INSERT INTO `episodes` VALUES(382,83,'Episode 3','Description for episode 3 of Stranger Things',29,'Monday @ 8:30 PM',NULL,NULL,0,0,'2025-12-16 18:25:35','2025-12-16 18:25:35',NULL);
INSERT INTO `episodes` VALUES(383,83,'Episode 4','Description for episode 4 of Stranger Things',27,'Monday @ 8:30 PM',NULL,NULL,0,0,'2025-12-16 18:25:35','2025-12-16 18:25:35',NULL);
INSERT INTO `episodes` VALUES(384,83,'Episode 5','Description for episode 5 of Stranger Things',50,'Monday @ 8:30 PM',NULL,NULL,0,0,'2025-12-16 18:25:35','2025-12-16 18:25:35',NULL);
INSERT INTO `episodes` VALUES(385,84,'Episode 1','Description for episode 1 of The Mandalorian',46,'Monday @ 8:30 PM',NULL,NULL,0,0,'2025-12-16 18:25:35','2025-12-16 18:25:35',NULL);
INSERT INTO `episodes` VALUES(386,84,'Episode 2','Description for episode 2 of The Mandalorian',49,'Monday @ 8:30 PM',NULL,NULL,0,0,'2025-12-16 18:25:35','2025-12-16 18:25:35',NULL);
INSERT INTO `episodes` VALUES(387,84,'Episode 3','Description for episode 3 of The Mandalorian',37,'Monday @ 8:30 PM',NULL,NULL,0,0,'2025-12-16 18:25:35','2025-12-16 18:25:35',NULL);
INSERT INTO `episodes` VALUES(388,84,'Episode 4','Description for episode 4 of The Mandalorian',40,'Monday @ 8:30 PM',NULL,NULL,0,0,'2025-12-16 18:25:35','2025-12-16 18:25:35',NULL);
INSERT INTO `episodes` VALUES(389,84,'Episode 5','Description for episode 5 of The Mandalorian',47,'Monday @ 8:30 PM',NULL,NULL,0,0,'2025-12-16 18:25:35','2025-12-16 18:25:35',NULL);
INSERT INTO `episodes` VALUES(390,85,'Episode 1','Description for episode 1 of Friends',42,'Monday @ 8:30 PM',NULL,NULL,0,0,'2025-12-16 18:25:53','2025-12-16 18:25:53',NULL);
INSERT INTO `episodes` VALUES(391,85,'Episode 2','Description for episode 2 of Friends',45,'Monday @ 8:30 PM',NULL,NULL,0,0,'2025-12-16 18:25:53','2025-12-16 18:25:53',NULL);
INSERT INTO `episodes` VALUES(392,85,'Episode 3','Description for episode 3 of Friends',31,'Monday @ 8:30 PM',NULL,NULL,0,0,'2025-12-16 18:25:53','2025-12-16 18:25:53',NULL);
INSERT INTO `episodes` VALUES(393,85,'Episode 4','Description for episode 4 of Friends',48,'Monday @ 8:30 PM',NULL,NULL,0,0,'2025-12-16 18:25:53','2025-12-16 18:25:53',NULL);
INSERT INTO `episodes` VALUES(394,85,'Episode 5','Description for episode 5 of Friends',46,'Monday @ 8:30 PM',NULL,NULL,0,0,'2025-12-16 18:25:53','2025-12-16 18:25:53',NULL);
INSERT INTO `episodes` VALUES(395,86,'Episode 1','Description for episode 1 of Breaking Bad',31,'Monday @ 8:30 PM',NULL,NULL,0,0,'2025-12-16 18:25:53','2025-12-16 18:25:53',NULL);
INSERT INTO `episodes` VALUES(396,86,'Episode 2','Description for episode 2 of Breaking Bad',26,'Monday @ 8:30 PM',NULL,NULL,0,0,'2025-12-16 18:25:53','2025-12-16 18:25:53',NULL);
INSERT INTO `episodes` VALUES(397,86,'Episode 3','Description for episode 3 of Breaking Bad',32,'Monday @ 8:30 PM',NULL,NULL,0,0,'2025-12-16 18:25:53','2025-12-16 18:25:53',NULL);
INSERT INTO `episodes` VALUES(398,86,'Episode 4','Description for episode 4 of Breaking Bad',39,'Monday @ 8:30 PM',NULL,NULL,0,0,'2025-12-16 18:25:53','2025-12-16 18:25:53',NULL);
INSERT INTO `episodes` VALUES(399,86,'Episode 5','Description for episode 5 of Breaking Bad',44,'Monday @ 8:30 PM',NULL,NULL,0,0,'2025-12-16 18:25:53','2025-12-16 18:25:53',NULL);
INSERT INTO `episodes` VALUES(400,87,'Episode 1','Description for episode 1 of Game of Thrones',27,'Monday @ 8:30 PM',NULL,NULL,0,0,'2025-12-16 18:25:53','2025-12-16 18:25:53',NULL);
INSERT INTO `episodes` VALUES(401,87,'Episode 2','Description for episode 2 of Game of Thrones',38,'Monday @ 8:30 PM',NULL,NULL,0,0,'2025-12-16 18:25:53','2025-12-16 18:25:53',NULL);
INSERT INTO `episodes` VALUES(402,87,'Episode 3','Description for episode 3 of Game of Thrones',28,'Monday @ 8:30 PM',NULL,NULL,0,0,'2025-12-16 18:25:53','2025-12-16 18:25:53',NULL);
INSERT INTO `episodes` VALUES(403,87,'Episode 4','Description for episode 4 of Game of Thrones',42,'Monday @ 8:30 PM',NULL,NULL,0,0,'2025-12-16 18:25:53','2025-12-16 18:25:53',NULL);
INSERT INTO `episodes` VALUES(404,87,'Episode 5','Description for episode 5 of Game of Thrones',34,'Monday @ 8:30 PM',NULL,NULL,0,0,'2025-12-16 18:25:53','2025-12-16 18:25:53',NULL);
INSERT INTO `episodes` VALUES(405,88,'Episode 1','Description for episode 1 of Stranger Things',25,'Monday @ 8:30 PM',NULL,NULL,0,0,'2025-12-16 18:25:53','2025-12-16 18:25:53',NULL);
INSERT INTO `episodes` VALUES(406,88,'Episode 2','Description for episode 2 of Stranger Things',31,'Monday @ 8:30 PM',NULL,NULL,0,0,'2025-12-16 18:25:53','2025-12-16 18:25:53',NULL);
INSERT INTO `episodes` VALUES(407,88,'Episode 3','Description for episode 3 of Stranger Things',45,'Monday @ 8:30 PM',NULL,NULL,0,0,'2025-12-16 18:25:53','2025-12-16 18:25:53',NULL);
INSERT INTO `episodes` VALUES(408,88,'Episode 4','Description for episode 4 of Stranger Things',25,'Monday @ 8:30 PM',NULL,NULL,0,0,'2025-12-16 18:25:53','2025-12-16 18:25:53',NULL);
INSERT INTO `episodes` VALUES(409,88,'Episode 5','Description for episode 5 of Stranger Things',50,'Monday @ 8:30 PM',NULL,NULL,0,0,'2025-12-16 18:25:53','2025-12-16 18:25:53',NULL);
INSERT INTO `episodes` VALUES(410,89,'Episode 1','Description for episode 1 of The Mandalorian',36,'Monday @ 8:30 PM',NULL,NULL,0,0,'2025-12-16 18:25:53','2025-12-16 18:25:53',NULL);
INSERT INTO `episodes` VALUES(411,89,'Episode 2','Description for episode 2 of The Mandalorian',40,'Monday @ 8:30 PM',NULL,NULL,0,0,'2025-12-16 18:25:53','2025-12-16 18:25:53',NULL);
INSERT INTO `episodes` VALUES(412,89,'Episode 3','Description for episode 3 of The Mandalorian',43,'Monday @ 8:30 PM',NULL,NULL,0,0,'2025-12-16 18:25:53','2025-12-16 18:25:53',NULL);
INSERT INTO `episodes` VALUES(413,89,'Episode 4','Description for episode 4 of The Mandalorian',31,'Monday @ 8:30 PM',NULL,NULL,0,0,'2025-12-16 18:25:53','2025-12-16 18:25:53',NULL);
INSERT INTO `episodes` VALUES(414,89,'Episode 5','Description for episode 5 of The Mandalorian',33,'Monday @ 8:30 PM',NULL,NULL,0,0,'2025-12-16 18:25:53','2025-12-16 18:25:53',NULL);
INSERT INTO `episodes` VALUES(415,90,'Episode 1','Description for episode 1 of Friends',48,'Monday @ 8:30 PM',NULL,NULL,0,0,'2025-12-16 18:39:29','2025-12-16 18:39:29',NULL);
INSERT INTO `episodes` VALUES(416,90,'Episode 2','Description for episode 2 of Friends',38,'Monday @ 8:30 PM',NULL,NULL,0,0,'2025-12-16 18:39:29','2025-12-16 18:39:29',NULL);
INSERT INTO `episodes` VALUES(417,90,'Episode 3','Description for episode 3 of Friends',48,'Monday @ 8:30 PM',NULL,NULL,0,0,'2025-12-16 18:39:29','2025-12-16 18:39:29',NULL);
INSERT INTO `episodes` VALUES(418,90,'Episode 4','Description for episode 4 of Friends',41,'Monday @ 8:30 PM',NULL,NULL,0,0,'2025-12-16 18:39:29','2025-12-16 18:39:29',NULL);
INSERT INTO `episodes` VALUES(419,90,'Episode 5','Description for episode 5 of Friends',36,'Monday @ 8:30 PM',NULL,NULL,0,0,'2025-12-16 18:39:29','2025-12-16 18:39:29',NULL);
INSERT INTO `episodes` VALUES(420,91,'Episode 1','Description for episode 1 of Breaking Bad',36,'Monday @ 8:30 PM',NULL,NULL,0,0,'2025-12-16 18:39:29','2025-12-16 18:39:29',NULL);
INSERT INTO `episodes` VALUES(421,91,'Episode 2','Description for episode 2 of Breaking Bad',46,'Monday @ 8:30 PM',NULL,NULL,0,0,'2025-12-16 18:39:29','2025-12-16 18:39:29',NULL);
INSERT INTO `episodes` VALUES(422,91,'Episode 3','Description for episode 3 of Breaking Bad',25,'Monday @ 8:30 PM',NULL,NULL,0,0,'2025-12-16 18:39:29','2025-12-16 18:39:29',NULL);
INSERT INTO `episodes` VALUES(423,91,'Episode 4','Description for episode 4 of Breaking Bad',43,'Monday @ 8:30 PM',NULL,NULL,0,0,'2025-12-16 18:39:29','2025-12-16 18:39:29',NULL);
INSERT INTO `episodes` VALUES(424,91,'Episode 5','Description for episode 5 of Breaking Bad',46,'Monday @ 8:30 PM',NULL,NULL,0,0,'2025-12-16 18:39:29','2025-12-16 18:39:29',NULL);
INSERT INTO `episodes` VALUES(425,92,'Episode 1','Description for episode 1 of Game of Thrones',34,'Monday @ 8:30 PM',NULL,NULL,0,0,'2025-12-16 18:39:29','2025-12-16 18:39:29',NULL);
INSERT INTO `episodes` VALUES(426,92,'Episode 2','Description for episode 2 of Game of Thrones',46,'Monday @ 8:30 PM',NULL,NULL,0,0,'2025-12-16 18:39:29','2025-12-16 18:39:29',NULL);
INSERT INTO `episodes` VALUES(427,92,'Episode 3','Description for episode 3 of Game of Thrones',42,'Monday @ 8:30 PM',NULL,NULL,0,0,'2025-12-16 18:39:29','2025-12-16 18:39:29',NULL);
INSERT INTO `episodes` VALUES(428,92,'Episode 4','Description for episode 4 of Game of Thrones',29,'Monday @ 8:30 PM',NULL,NULL,0,0,'2025-12-16 18:39:29','2025-12-16 18:39:29',NULL);
INSERT INTO `episodes` VALUES(429,92,'Episode 5','Description for episode 5 of Game of Thrones',33,'Monday @ 8:30 PM',NULL,NULL,0,0,'2025-12-16 18:39:29','2025-12-16 18:39:29',NULL);
INSERT INTO `episodes` VALUES(430,93,'Episode 1','Description for episode 1 of Stranger Things',46,'Monday @ 8:30 PM',NULL,NULL,0,0,'2025-12-16 18:39:29','2025-12-16 18:39:29',NULL);
INSERT INTO `episodes` VALUES(431,93,'Episode 2','Description for episode 2 of Stranger Things',40,'Monday @ 8:30 PM',NULL,NULL,0,0,'2025-12-16 18:39:29','2025-12-16 18:39:29',NULL);
INSERT INTO `episodes` VALUES(432,93,'Episode 3','Description for episode 3 of Stranger Things',34,'Monday @ 8:30 PM',NULL,NULL,0,0,'2025-12-16 18:39:29','2025-12-16 18:39:29',NULL);
INSERT INTO `episodes` VALUES(433,93,'Episode 4','Description for episode 4 of Stranger Things',29,'Monday @ 8:30 PM',NULL,NULL,0,0,'2025-12-16 18:39:29','2025-12-16 18:39:29',NULL);
INSERT INTO `episodes` VALUES(434,93,'Episode 5','Description for episode 5 of Stranger Things',26,'Monday @ 8:30 PM',NULL,NULL,0,0,'2025-12-16 18:39:29','2025-12-16 18:39:29',NULL);
INSERT INTO `episodes` VALUES(435,94,'Episode 1','Description for episode 1 of The Mandalorian',40,'Monday @ 8:30 PM',NULL,NULL,0,0,'2025-12-16 18:39:29','2025-12-16 18:39:29',NULL);
INSERT INTO `episodes` VALUES(436,94,'Episode 2','Description for episode 2 of The Mandalorian',50,'Monday @ 8:30 PM',NULL,NULL,0,0,'2025-12-16 18:39:29','2025-12-16 18:39:29',NULL);
INSERT INTO `episodes` VALUES(437,94,'Episode 3','Description for episode 3 of The Mandalorian',38,'Monday @ 8:30 PM',NULL,NULL,0,0,'2025-12-16 18:39:29','2025-12-16 18:39:29',NULL);
INSERT INTO `episodes` VALUES(438,94,'Episode 4','Description for episode 4 of The Mandalorian',35,'Monday @ 8:30 PM',NULL,NULL,0,0,'2025-12-16 18:39:29','2025-12-16 18:39:29',NULL);
INSERT INTO `episodes` VALUES(439,94,'Episode 5','Description for episode 5 of The Mandalorian',40,'Monday @ 8:30 PM',NULL,NULL,0,0,'2025-12-16 18:39:29','2025-12-16 18:39:29',NULL);
INSERT INTO `episodes` VALUES(440,71,'الادعشري وسرقة الذهب','في أولى حلقات الجزء الأول من باب الحارة، تبدأ الأحداث عندما يقوم الإدعشري بسرقة ذهب أبو إبراهيم تاجر القماش ويقتل حارس الحارة (أبو سمعو). يجتمع كبار الحي لمحاولة كشف حقيقة السارق، وتتصاعد الأحداث في أجواء حماسية مليئة بالتوتر والدراما.',45,'الادعشري وسرقة الذهب','/storage/episodes/CUvVkcf5VrMvy5FhYZVoGUJQiPJoPPF4IUQhD2TT.jpg','https://www.youtube.com/embed/iU3PVvXy8a4',0,0,'2025-12-16 19:14:23','2025-12-16 19:14:23','iU3PVvXy8a4');
INSERT INTO `episodes` VALUES(441,5,'الحلقة 1 - البداية المثيرة','بداية مثيرة لقصة شيقة جداً',45,'الاثنين @ 8:00 مساءً','https://img.youtube.com/vi/dQw4w9WgXcQ/maxresdefault.jpg','https://www.youtube.com/embed/dQw4w9WgXcQ',0,0,'2025-12-16 19:33:21','2025-12-16 19:33:21','dQw4w9WgXcQ');
CREATE TABLE IF NOT EXISTS `user_show_follows` (`id` INT NOT NULL PRIMARY KEY AUTO_INCREMENT, `user_id` integer not null, `show_id` integer not null, `created_at` DATEtime, `updated_at` DATEtime, foreign key("user_id") references "users"("id") on delete cascade, foreign key("show_id") references "shows"("id") on delete cascade);
CREATE TABLE IF NOT EXISTS `episode_user_likes` (`id` INT NOT NULL PRIMARY KEY AUTO_INCREMENT, `user_id` integer not null, `episode_id` integer not null, `type` VARCHAR(255) check ("type" in ('like', 'dislike')) not null, `created_at` DATEtime, `updated_at` DATEtime, foreign key("user_id") references "users"("id") on delete cascade, foreign key("episode_id") references "episodes"("id") on delete cascade);
CREATE TABLE IF NOT EXISTS `categories` (`id` INT NOT NULL PRIMARY KEY AUTO_INCREMENT, `name` VARCHAR(255) not null, `slug` VARCHAR(255) not null, `description` LONGTEXT, `color` VARCHAR(255) not null default '#007bff', `icon` VARCHAR(255), `sort_order` integer not null default '0', `is_active` BOOLEAN not null default '1', `created_at` DATEtime, `updated_at` DATEtime);
CREATE TABLE IF NOT EXISTS `watch_history` (`id` INT NOT NULL PRIMARY KEY AUTO_INCREMENT, `user_id` integer not null, `episode_id` integer not null, `watch_time` integer not null default '0', `duration` integer not null default '0', `completed` BOOLEAN not null default '0', `last_watched_at` DATEtime, `created_at` DATEtime, `updated_at` DATEtime, foreign key("user_id") references "users"("id") on delete cascade, foreign key("episode_id") references "episodes"("id") on delete cascade);
CREATE TABLE IF NOT EXISTS `comments` (`id` INT NOT NULL PRIMARY KEY AUTO_INCREMENT, `user_id` integer not null, `episode_id` integer, `show_id` integer, `content` LONGTEXT not null, `parent_id` integer, `is_approved` BOOLEAN not null default '1', `is_spoiler` BOOLEAN not null default '0', `likes_count` integer not null default '0', `created_at` DATEtime, `updated_at` DATEtime, foreign key("user_id") references "users"("id") on delete cascade, foreign key("episode_id") references "episodes"("id") on delete cascade, foreign key("show_id") references "shows"("id") on delete cascade, foreign key("parent_id") references "comments"("id") on delete cascade);
CREATE TABLE IF NOT EXISTS `ratings` (`id` INT NOT NULL PRIMARY KEY AUTO_INCREMENT, `user_id` integer not null, `episode_id` integer, `show_id` integer, `rating` integer not null, `review` LONGTEXT, `created_at` DATEtime, `updated_at` DATEtime, foreign key("user_id") references "users"("id") on delete cascade, foreign key("episode_id") references "episodes"("id") on delete cascade, foreign key("show_id") references "shows"("id") on delete cascade);
CREATE TABLE IF NOT EXISTS `playlists` (`id` INT NOT NULL PRIMARY KEY AUTO_INCREMENT, `user_id` integer not null, `name` VARCHAR(255) not null, `description` LONGTEXT, `created_at` DATEtime, `updated_at` DATEtime, foreign key("user_id") references "users"("id") on delete cascade);
CREATE TABLE IF NOT EXISTS `playlist_episode` (`id` INT NOT NULL PRIMARY KEY AUTO_INCREMENT, `playlist_id` integer not null, `episode_id` integer not null, `order` integer not null default '0', `created_at` DATEtime, `updated_at` DATEtime, foreign key("playlist_id") references "playlists"("id") on delete cascade, foreign key("episode_id") references "episodes"("id") on delete cascade);
DELETE FROM sqlite_sequence;
INSERT INTO `sqlite_sequence` VALUES('migrations',18);
INSERT INTO `sqlite_sequence` VALUES('users',22);
INSERT INTO `sqlite_sequence` VALUES('shows',94);
INSERT INTO `sqlite_sequence` VALUES('episodes',441);
CREATE UNIQUE INDEX "users_email_unique" on "users" ("email");
CREATE INDEX "password_resets_email_index" on "password_resets" ("email");
CREATE UNIQUE INDEX "failed_jobs_uuid_unique" on "failed_jobs" ("uuid");
CREATE INDEX "personal_access_tokens_tokenable_type_tokenable_id_index" on "personal_access_tokens" ("tokenable_type", "tokenable_id");
CREATE UNIQUE INDEX "personal_access_tokens_token_unique" on "personal_access_tokens" ("token");
CREATE UNIQUE INDEX "user_show_follows_user_id_show_id_unique" on "user_show_follows" ("user_id", "show_id");
CREATE UNIQUE INDEX "episode_user_likes_user_id_episode_id_unique" on "episode_user_likes" ("user_id", "episode_id");
CREATE UNIQUE INDEX "categories_slug_unique" on "categories" ("slug");
CREATE UNIQUE INDEX "watch_history_user_id_episode_id_unique" on "watch_history" ("user_id", "episode_id");
CREATE INDEX "watch_history_user_id_last_watched_at_index" on "watch_history" ("user_id", "last_watched_at");
CREATE INDEX "comments_episode_id_is_approved_index" on "comments" ("episode_id", "is_approved");
CREATE INDEX "comments_show_id_is_approved_index" on "comments" ("show_id", "is_approved");
CREATE UNIQUE INDEX "ratings_user_id_episode_id_unique" on "ratings" ("user_id", "episode_id");
CREATE UNIQUE INDEX "ratings_user_id_show_id_unique" on "ratings" ("user_id", "show_id");
CREATE UNIQUE INDEX "playlist_episode_playlist_id_episode_id_unique" on "playlist_episode" ("playlist_id", "episode_id");
